#,Title,slug,Difficulty
2,Add Two Numbers,add-two-numbers,Medium
4,Median of Two Sorted Arrays,median-of-two-sorted-arrays,Hard
5,Longest Palindromic Substring ,longest-palindromic-substring,Medium
6,ZigZag Conversion,zigzag-conversion,Medium
8,String to Integer (atoi),string-to-integer-atoi,Medium
10,Regular Expression Matching,regular-expression-matching,Hard
12,Integer to Roman,integer-to-roman,Medium
13,Roman to Integer,roman-to-integer,Easy
14,Longest Common Prefix,longest-common-prefix,Easy
17,Letter Combinations of a Phone Number,letter-combinations-of-a-phone-number,Medium
18,4Sum ,4sum,Medium
19,Remove Nth Node From End of List,remove-nth-node-from-end-of-list,Medium
20,Valid Parentheses,valid-parentheses,Easy
22,Generate Parentheses,generate-parentheses,Medium
24,Swap Nodes in Pairs,swap-nodes-in-pairs,Medium
25,Reverse Nodes in k-Group,reverse-nodes-in-k-group,Hard
28,Implement strStr(),implement-strstr,Easy
29,Divide Two Integers,divide-two-integers,Medium
30,Substring with Concatenation of All Words,substring-with-concatenation-of-all-words,Hard
31,Next Permutation,next-permutation,Medium
32,Longest Valid Parentheses,longest-valid-parentheses,Hard
34,Find First and Last Position of Element in Sorted Array,find-first-and-last-position-of-element-in-sorted-array,Medium
35,Search Insert Position,search-insert-position,Easy
36,Valid Sudoku,valid-sudoku,Medium
37,Sudoku Solver,sudoku-solver,Hard
38,Count and Say,count-and-say,Easy
39,Combination Sum,combination-sum,Medium
40,Combination Sum II,combination-sum-ii,Medium
41,First Missing Positive,first-missing-positive,Hard
42,Trapping Rain Water ,trapping-rain-water,Hard
43,Multiply Strings,multiply-strings,Medium
44,Wildcard Matching,wildcard-matching,Hard
45,Jump Game II,jump-game-ii,Hard
46,Permutations,permutations,Medium
47,Permutations II,permutations-ii,Medium
48,Rotate Image,rotate-image,Medium
49,Group Anagrams,group-anagrams,Medium
50,"Pow(x, n)",powx-n,Medium
51,N-Queens,n-queens,Hard
52,N-Queens II,n-queens-ii,Hard
54,Spiral Matrix,spiral-matrix,Medium
55,Jump Game,jump-game,Medium
58,Length of Last Word,length-of-last-word,Easy
59,Spiral Matrix II,spiral-matrix-ii,Medium
60,Permutation Sequence,permutation-sequence,Medium
63,Unique Paths II,unique-paths-ii,Medium
64,Minimum Path Sum,minimum-path-sum,Medium
65,Valid Number,valid-number,Hard
66,Plus One,plus-one,Easy
67,Add Binary,add-binary,Easy
68,Text Justification,text-justification,Hard
69,Sqrt(x),sqrtx,Easy
71,Simplify Path,simplify-path,Medium
72,Edit Distance,edit-distance,Hard
73,Set Matrix Zeroes,set-matrix-zeroes,Medium
74,Search a 2D Matrix,search-a-2d-matrix,Medium
75,Sort Colors ,sort-colors,Medium
76,Minimum Window Substring,minimum-window-substring,Hard
77,Combinations,combinations,Medium
78,Subsets,subsets,Medium
79,Word Search,word-search,Medium
80,Remove Duplicates from Sorted Array II ,remove-duplicates-from-sorted-array-ii,Medium
81,Search in Rotated Sorted Array II,search-in-rotated-sorted-array-ii,Medium
82,Remove Duplicates from Sorted List II,remove-duplicates-from-sorted-list-ii,Medium
83,Remove Duplicates from Sorted List,remove-duplicates-from-sorted-list,Easy
85,Maximal Rectangle,maximal-rectangle,Hard
86,Partition List,partition-list,Medium
87,Scramble String,scramble-string,Hard
89,Gray Code,gray-code,Medium
90,Subsets II,subsets-ii,Medium
93,Restore IP Addresses,restore-ip-addresses,Medium
97,Interleaving String,interleaving-string,Hard
99,Recover Binary Search Tree,recover-binary-search-tree,Hard
101,Symmetric Tree,symmetric-tree,Easy
109,Convert Sorted List to Binary Search Tree ,convert-sorted-list-to-binary-search-tree,Medium
114,Flatten Binary Tree to Linked List,flatten-binary-tree-to-linked-list,Medium
115,Distinct Subsequences,distinct-subsequences,Hard
116,Populating Next Right Pointers in Each Node,populating-next-right-pointers-in-each-node,Medium
117,Populating Next Right Pointers in Each Node II ,populating-next-right-pointers-in-each-node-ii,Medium
118,Pascal's Triangle,pascals-triangle,Easy
119,Pascal's Triangle II,pascals-triangle-ii,Easy
120,Triangle,triangle,Medium
126,Word Ladder II,word-ladder-ii,Hard
128,Longest Consecutive Sequence,longest-consecutive-sequence,Hard
129,Sum Root to Leaf Numbers ,sum-root-to-leaf-numbers,Medium
130,Surrounded Regions ,surrounded-regions,Medium
131,Palindrome Partitioning,palindrome-partitioning,Medium
132,Palindrome Partitioning II,palindrome-partitioning-ii,Hard
133,Clone Graph ,clone-graph,Medium
134,Gas Station,gas-station,Medium
135,Candy,candy,Hard
136,Single Number,single-number,Easy
137,Single Number II,single-number-ii,Medium
138,Copy List with Random Pointer,copy-list-with-random-pointer,Medium
139,Word Break,word-break,Medium
140,Word Break II,word-break-ii,Hard
142,Linked List Cycle II,linked-list-cycle-ii,Medium
143,Reorder List,reorder-list,Medium
145,Binary Tree Postorder Traversal ,binary-tree-postorder-traversal,Hard
149,Max Points on a Line,max-points-on-a-line,Hard
150,Evaluate Reverse Polish Notation,evaluate-reverse-polish-notation,Medium
151,Reverse Words in a String,reverse-words-in-a-string,Medium
152,Maximum Product Subarray,maximum-product-subarray,Medium
153,Find Minimum in Rotated Sorted Array,find-minimum-in-rotated-sorted-array,Medium
154,Find Minimum in Rotated Sorted Array II,find-minimum-in-rotated-sorted-array-ii,Hard
155,Min Stack,min-stack,Easy
156,Binary Tree Upside Down,binary-tree-upside-down,Medium
157,Read N Characters Given Read4,read-n-characters-given-read4,Easy
158,Read N Characters Given Read4 II - Call multiple times,read-n-characters-given-read4-ii---call-multiple-times,Hard
159,Longest Substring with At Most Two Distinct Characters,longest-substring-with-at-most-two-distinct-characters,Medium
161,One Edit Distance,one-edit-distance,Medium
162,Find Peak Element,find-peak-element,Medium
163,Missing Ranges,missing-ranges,Medium
164,Maximum Gap,maximum-gap,Hard
165,Compare Version Numbers,compare-version-numbers,Medium
166,Fraction to Recurring Decimal,fraction-to-recurring-decimal,Medium
167,Two Sum II - Input array is sorted,two-sum-ii---input-array-is-sorted,Easy
168,Excel Sheet Column Title,excel-sheet-column-title,Easy
169,Majority Element,majority-element,Easy
170,Two Sum III - Data structure design,two-sum-iii---data-structure-design,Easy
171,Excel Sheet Column Number,excel-sheet-column-number,Easy
172,Factorial Trailing Zeroes,factorial-trailing-zeroes,Easy
173,Binary Search Tree Iterator ,binary-search-tree-iterator,Medium
174,Dungeon Game,dungeon-game,Hard
177,Nth Highest Salary,nth-highest-salary,Medium
178,Rank Scores,rank-scores,Medium
179,Largest Number,largest-number,Medium
180,Consecutive Numbers,consecutive-numbers,Medium
185,Department Top Three Salaries,department-top-three-salaries,Hard
186,Reverse Words in a String II,reverse-words-in-a-string-ii,Medium
187,Repeated DNA Sequences,repeated-dna-sequences,Medium
190,Reverse Bits,reverse-bits,Easy
191,Number of 1 Bits,number-of-1-bits,Easy
192,Word Frequency,word-frequency,Medium
193,Valid Phone Numbers,valid-phone-numbers,Easy
194,Transpose File,transpose-file,Medium
195,Tenth Line,tenth-line,Easy
197,Rising Temperature ,rising-temperature,Easy
199,Binary Tree Right Side View,binary-tree-right-side-view,Medium
201,Bitwise AND of Numbers Range,bitwise-and-of-numbers-range,Medium
204,Count Primes ,count-primes,Easy
205,Isomorphic Strings,isomorphic-strings,Easy
209,Minimum Size Subarray Sum,minimum-size-subarray-sum,Medium
211,Add and Search Word - Data structure design ,add-and-search-word---data-structure-design,Medium
212,Word Search II ,word-search-ii,Hard
214,Shortest Palindrome,shortest-palindrome,Hard
216,Combination Sum III,combination-sum-iii,Medium
217,Contains Duplicate,contains-duplicate,Easy
218,The Skyline Problem,the-skyline-problem,Hard
219,Contains Duplicate II,contains-duplicate-ii,Easy
220,Contains Duplicate III,contains-duplicate-iii,Medium
221,Maximal Square,maximal-square,Medium
222,Count Complete Tree Nodes,count-complete-tree-nodes,Medium
223,Rectangle Area,rectangle-area,Medium
224,Basic Calculator,basic-calculator,Hard
227,Basic Calculator II,basic-calculator-ii,Medium
228,Summary Ranges,summary-ranges,Medium
229,Majority Element II,majority-element-ii,Medium
230,Kth Smallest Element in a BST ,kth-smallest-element-in-a-bst,Medium
231,Power of Two,power-of-two,Easy
233,Number of Digit One,number-of-digit-one,Hard
235,Lowest Common Ancestor of a Binary Search Tree ,lowest-common-ancestor-of-a-binary-search-tree,Easy
236,Lowest Common Ancestor of a Binary Tree ,lowest-common-ancestor-of-a-binary-tree,Medium
238,Product of Array Except Self,product-of-array-except-self,Medium
239,Sliding Window Maximum,sliding-window-maximum,Hard
240,Search a 2D Matrix II,search-a-2d-matrix-ii,Medium
242,Valid Anagram,valid-anagram,Easy
243,Shortest Word Distance,shortest-word-distance,Easy
244,Shortest Word Distance II,shortest-word-distance-ii,Medium
245,Shortest Word Distance III,shortest-word-distance-iii,Medium
246,Strobogrammatic Number,strobogrammatic-number,Easy
247,Strobogrammatic Number II,strobogrammatic-number-ii,Medium
248,Strobogrammatic Number III,strobogrammatic-number-iii,Hard
249,Group Shifted Strings,group-shifted-strings,Medium
250,Count Univalue Subtrees,count-univalue-subtrees,Medium
251,Flatten 2D Vector,flatten-2d-vector,Medium
252,Meeting Rooms,meeting-rooms,Easy
253,Meeting Rooms II,meeting-rooms-ii,Medium
254,Factor Combinations,factor-combinations,Medium
255,Verify Preorder Sequence in Binary Search Tree,verify-preorder-sequence-in-binary-search-tree,Medium
256,Paint House,paint-house,Easy
257,Binary Tree Paths,binary-tree-paths,Easy
259,3Sum Smaller,3sum-smaller,Medium
260,Single Number III,single-number-iii,Medium
261,Graph Valid Tree,graph-valid-tree,Medium
262,Trips and Users,trips-and-users,Hard
263,Ugly Number,ugly-number,Easy
264,Ugly Number II,ugly-number-ii,Medium
265,Paint House II,paint-house-ii,Hard
266,Palindrome Permutation,palindrome-permutation,Easy
267,Palindrome Permutation II,palindrome-permutation-ii,Medium
269,Alien Dictionary,alien-dictionary,Hard
270,Closest Binary Search Tree Value,closest-binary-search-tree-value,Easy
271,Encode and Decode Strings,encode-and-decode-strings,Medium
272,Closest Binary Search Tree Value II,closest-binary-search-tree-value-ii,Hard
273,Integer to English Words,integer-to-english-words,Hard
274,H-Index,h-index,Medium
275,H-Index II,h-index-ii,Medium
276,Paint Fence,paint-fence,Easy
277,Find the Celebrity,find-the-celebrity,Medium
278,First Bad Version,first-bad-version,Easy
279,Perfect Squares,perfect-squares,Medium
280,Wiggle Sort,wiggle-sort,Medium
281,Zigzag Iterator,zigzag-iterator,Medium
282,Expression Add Operators,expression-add-operators,Hard
284,Peeking Iterator,peeking-iterator,Medium
285,Inorder Successor in BST,inorder-successor-in-bst,Medium
286,Walls and Gates,walls-and-gates,Medium
287,Find the Duplicate Number,find-the-duplicate-number,Medium
288,Unique Word Abbreviation,unique-word-abbreviation,Medium
289,Game of Life,game-of-life,Medium
290,Word Pattern,word-pattern,Easy
291,Word Pattern II,word-pattern-ii,Hard
292,Nim Game,nim-game,Easy
293,Flip Game,flip-game,Easy
294,Flip Game II,flip-game-ii,Medium
296,Best Meeting Point,best-meeting-point,Hard
298,Binary Tree Longest Consecutive Sequence,binary-tree-longest-consecutive-sequence,Medium
299,Bulls and Cows,bulls-and-cows,Easy
300,Longest Increasing Subsequence,longest-increasing-subsequence,Medium
301,Remove Invalid Parentheses,remove-invalid-parentheses,Hard
302,Smallest Rectangle Enclosing Black Pixels,smallest-rectangle-enclosing-black-pixels,Hard
303,Range Sum Query - Immutable,range-sum-query---immutable,Easy
304,Range Sum Query 2D - Immutable,range-sum-query-2d---immutable,Medium
305,Number of Islands II,number-of-islands-ii,Hard
306,Additive Number,additive-number,Medium
307,Range Sum Query - Mutable,range-sum-query---mutable,Medium
308,Range Sum Query 2D - Mutable,range-sum-query-2d---mutable,Hard
311,Sparse Matrix Multiplication,sparse-matrix-multiplication,Medium
312,Burst Balloons,burst-balloons,Hard
313,Super Ugly Number,super-ugly-number,Medium
314,Binary Tree Vertical Order Traversal,binary-tree-vertical-order-traversal,Medium
315,Count of Smaller Numbers After Self,count-of-smaller-numbers-after-self,Hard
316,Remove Duplicate Letters,remove-duplicate-letters,Hard
317,Shortest Distance from All Buildings,shortest-distance-from-all-buildings,Hard
318,Maximum Product of Word Lengths,maximum-product-of-word-lengths,Medium
319,Bulb Switcher,bulb-switcher,Medium
320,Generalized Abbreviation,generalized-abbreviation,Medium
321,Create Maximum Number,create-maximum-number,Hard
322,Coin Change,coin-change,Medium
323,Number of Connected Components in an Undirected Graph,number-of-connected-components-in-an-undirected-graph,Medium
324,Wiggle Sort II,wiggle-sort-ii,Medium
325,Maximum Size Subarray Sum Equals k,maximum-size-subarray-sum-equals-k,Medium
327,Count of Range Sum,count-of-range-sum,Hard
328,Odd Even Linked List,odd-even-linked-list,Medium
329,Longest Increasing Path in a Matrix,longest-increasing-path-in-a-matrix,Hard
330,Patching Array,patching-array,Hard
331,Verify Preorder Serialization of a Binary Tree ,verify-preorder-serialization-of-a-binary-tree,Medium
332,Reconstruct Itinerary,reconstruct-itinerary,Medium
333,Largest BST Subtree,largest-bst-subtree,Medium
334,Increasing Triplet Subsequence,increasing-triplet-subsequence,Medium
335,Self Crossing,self-crossing,Hard
336,Palindrome Pairs,palindrome-pairs,Hard
338,Counting Bits,counting-bits,Medium
339,Nested List Weight Sum,nested-list-weight-sum,Easy
340,Longest Substring with At Most K Distinct Characters,longest-substring-with-at-most-k-distinct-characters,Hard
341,Flatten Nested List Iterator,flatten-nested-list-iterator,Medium
342,Power of Four,power-of-four,Easy
343,Integer Break,integer-break,Medium
344,Reverse String,reverse-string,Easy
345,Reverse Vowels of a String ,reverse-vowels-of-a-string,Easy
346,Moving Average from Data Stream,moving-average-from-data-stream,Easy
348,Design Tic-Tac-Toe,design-tic-tac-toe,Medium
349,Intersection of Two Arrays,intersection-of-two-arrays,Easy
350,Intersection of Two Arrays II ,intersection-of-two-arrays-ii,Easy
351,Android Unlock Patterns,android-unlock-patterns,Medium
352,Data Stream as Disjoint Intervals,data-stream-as-disjoint-intervals,Hard
353,Design Snake Game,design-snake-game,Medium
354,Russian Doll Envelopes,russian-doll-envelopes,Hard
356,Line Reflection,line-reflection,Medium
357,Count Numbers with Unique Digits,count-numbers-with-unique-digits,Medium
358,Rearrange String k Distance Apart,rearrange-string-k-distance-apart,Hard
359,Logger Rate Limiter,logger-rate-limiter,Easy
360,Sort Transformed Array,sort-transformed-array,Medium
361,Bomb Enemy,bomb-enemy,Medium
362,Design Hit Counter,design-hit-counter,Medium
363,Max Sum of Rectangle No Larger Than K,max-sum-of-rectangle-no-larger-than-k,Hard
364,Nested List Weight Sum II,nested-list-weight-sum-ii,Medium
365,Water and Jug Problem,water-and-jug-problem,Medium
366,Find Leaves of Binary Tree,find-leaves-of-binary-tree,Medium
367,Valid Perfect Square,valid-perfect-square,Easy
368,Largest Divisible Subset,largest-divisible-subset,Medium
369,Plus One Linked List,plus-one-linked-list,Medium
370,Range Addition,range-addition,Medium
371,Sum of Two Integers,sum-of-two-integers,Easy
372,Super Pow,super-pow,Medium
373,Find K Pairs with Smallest Sums,find-k-pairs-with-smallest-sums,Medium
374,Guess Number Higher or Lower,guess-number-higher-or-lower,Easy
375,Guess Number Higher or Lower II,guess-number-higher-or-lower-ii,Medium
376,Wiggle Subsequence,wiggle-subsequence,Medium
377,Combination Sum IV,combination-sum-iv,Medium
378,Kth Smallest Element in a Sorted Matrix,kth-smallest-element-in-a-sorted-matrix,Medium
379,Design Phone Directory,design-phone-directory,Medium
380,Insert Delete GetRandom O(1),insert-delete-getrandom-o1,Medium
381,Insert Delete GetRandom O(1) - Duplicates allowed,insert-delete-getrandom-o1---duplicates-allowed,Hard
382,Linked List Random Node,linked-list-random-node,Medium
383,Ransom Note,ransom-note,Easy
384,Shuffle an Array,shuffle-an-array,Medium
385,Mini Parser,mini-parser,Medium
386,Lexicographical Numbers,lexicographical-numbers,Medium
387,First Unique Character in a String,first-unique-character-in-a-string,Easy
388,Longest Absolute File Path,longest-absolute-file-path,Medium
389,Find the Difference,find-the-difference,Easy
390,Elimination Game,elimination-game,Medium
391,Perfect Rectangle,perfect-rectangle,Hard
392,Is Subsequence,is-subsequence,Easy
393,UTF-8 Validation,utf-8-validation,Medium
394,Decode String,decode-string,Medium
395,Longest Substring with At Least K Repeating Characters,longest-substring-with-at-least-k-repeating-characters,Medium
396,Rotate Function,rotate-function,Medium
397,Integer Replacement,integer-replacement,Medium
398,Random Pick Index,random-pick-index,Medium
399,Evaluate Division,evaluate-division,Medium
400,Nth Digit,nth-digit,Medium
401,Binary Watch,binary-watch,Easy
402,Remove K Digits,remove-k-digits,Medium
403,Frog Jump,frog-jump,Hard
404,Sum of Left Leaves,sum-of-left-leaves,Easy
405,Convert a Number to Hexadecimal,convert-a-number-to-hexadecimal,Easy
406,Queue Reconstruction by Height,queue-reconstruction-by-height,Medium
407,Trapping Rain Water II,trapping-rain-water-ii,Hard
408,Valid Word Abbreviation,valid-word-abbreviation,Easy
409,Longest Palindrome,longest-palindrome,Easy
410,Split Array Largest Sum,split-array-largest-sum,Hard
411,Minimum Unique Word Abbreviation,minimum-unique-word-abbreviation,Hard
412,Fizz Buzz,fizz-buzz,Easy
413,Arithmetic Slices,arithmetic-slices,Medium
414,Third Maximum Number,third-maximum-number,Easy
415,Add Strings,add-strings,Easy
416,Partition Equal Subset Sum,partition-equal-subset-sum,Medium
417,Pacific Atlantic Water Flow,pacific-atlantic-water-flow,Medium
418,Sentence Screen Fitting,sentence-screen-fitting,Medium
419,Battleships in a Board,battleships-in-a-board,Medium
420,Strong Password Checker,strong-password-checker,Hard
421,Maximum XOR of Two Numbers in an Array,maximum-xor-of-two-numbers-in-an-array,Medium
422,Valid Word Square,valid-word-square,Easy
423,Reconstruct Original Digits from English,reconstruct-original-digits-from-english,Medium
424,Longest Repeating Character Replacement,longest-repeating-character-replacement,Medium
425,Word Squares,word-squares,Hard
426,Convert Binary Search Tree to Sorted Doubly Linked List,convert-binary-search-tree-to-sorted-doubly-linked-list,Medium
427,Construct Quad Tree,construct-quad-tree,Medium
428,Serialize and Deserialize N-ary Tree,serialize-and-deserialize-n-ary-tree,Hard
430,Flatten a Multilevel Doubly Linked List,flatten-a-multilevel-doubly-linked-list,Medium
431,Encode N-ary Tree to Binary Tree,encode-n-ary-tree-to-binary-tree,Hard
432,All O`one Data Structure,all-oone-data-structure,Hard
433,Minimum Genetic Mutation,minimum-genetic-mutation,Medium
434,Number of Segments in a String,number-of-segments-in-a-string,Easy
435,Non-overlapping Intervals,non-overlapping-intervals,Medium
436,Find Right Interval,find-right-interval,Medium
437,Path Sum III ,path-sum-iii,Easy
438,Find All Anagrams in a String,find-all-anagrams-in-a-string,Medium
439,Ternary Expression Parser,ternary-expression-parser,Medium
440,K-th Smallest in Lexicographical Order,k-th-smallest-in-lexicographical-order,Hard
441,Arranging Coins,arranging-coins,Easy
442,Find All Duplicates in an Array,find-all-duplicates-in-an-array,Medium
443,String Compression,string-compression,Easy
444,Sequence Reconstruction,sequence-reconstruction,Medium
445,Add Two Numbers II,add-two-numbers-ii,Medium
446,Arithmetic Slices II - Subsequence,arithmetic-slices-ii---subsequence,Hard
447,Number of Boomerangs,number-of-boomerangs,Easy
448,Find All Numbers Disappeared in an Array ,find-all-numbers-disappeared-in-an-array,Easy
450,Delete Node in a BST,delete-node-in-a-bst,Medium
452,Minimum Number of Arrows to Burst Balloons,minimum-number-of-arrows-to-burst-balloons,Medium
453,Minimum Moves to Equal Array Elements,minimum-moves-to-equal-array-elements,Easy
454,4Sum II,4sum-ii,Medium
456,132 Pattern,132-pattern,Medium
457,Circular Array Loop,circular-array-loop,Medium
458,Poor Pigs,poor-pigs,Hard
459,Repeated Substring Pattern,repeated-substring-pattern,Easy
460,LFU Cache ,lfu-cache,Hard
461,Hamming Distance,hamming-distance,Easy
462,Minimum Moves to Equal Array Elements II,minimum-moves-to-equal-array-elements-ii,Medium
463,Island Perimeter,island-perimeter,Easy
464,Can I Win,can-i-win,Medium
465,Optimal Account Balancing,optimal-account-balancing,Hard
466,Count The Repetitions,count-the-repetitions,Hard
467,Unique Substrings in Wraparound String,unique-substrings-in-wraparound-string,Medium
468,Validate IP Address,validate-ip-address,Medium
469,Convex Polygon,convex-polygon,Medium
470,Implement Rand10() Using Rand7(),implement-rand10-using-rand7,Medium
471,Encode String with Shortest Length,encode-string-with-shortest-length,Hard
472,Concatenated Words,concatenated-words,Hard
473,Matchsticks to Square,matchsticks-to-square,Medium
474,Ones and Zeroes,ones-and-zeroes,Medium
475,Heaters,heaters,Easy
476,Number Complement,number-complement,Easy
477,Total Hamming Distance,total-hamming-distance,Medium
478,Generate Random Point in a Circle,generate-random-point-in-a-circle,Medium
479,Largest Palindrome Product,largest-palindrome-product,Hard
480,Sliding Window Median,sliding-window-median,Hard
481,Magical String,magical-string,Medium
482,License Key Formatting,license-key-formatting,Easy
483,Smallest Good Base,smallest-good-base,Hard
484,Find Permutation,find-permutation,Medium
485,Max Consecutive Ones,max-consecutive-ones,Easy
486,Predict the Winner,predict-the-winner,Medium
487,Max Consecutive Ones II,max-consecutive-ones-ii,Medium
488,Zuma Game,zuma-game,Hard
489,Robot Room Cleaner,robot-room-cleaner,Hard
490,The Maze,the-maze,Medium
491,Increasing Subsequences,increasing-subsequences,Medium
492,Construct the Rectangle,construct-the-rectangle,Easy
493,Reverse Pairs,reverse-pairs,Hard
494,Target Sum,target-sum,Medium
495,Teemo Attacking ,teemo-attacking,Medium
496,Next Greater Element I,next-greater-element-i,Easy
497,Random Point in Non-overlapping Rectangles,random-point-in-non-overlapping-rectangles,Medium
498,Diagonal Traverse,diagonal-traverse,Medium
499,The Maze III,the-maze-iii,Hard
500,Keyboard Row,keyboard-row,Easy
502,IPO,ipo,Hard
503,Next Greater Element II,next-greater-element-ii,Medium
504,Base 7,base-7,Easy
505,The Maze II,the-maze-ii,Medium
506,Relative Ranks,relative-ranks,Easy
507,Perfect Number,perfect-number,Easy
508,Most Frequent Subtree Sum,most-frequent-subtree-sum,Medium
510,Inorder Successor in BST II,inorder-successor-in-bst-ii,Medium
511,Game Play Analysis I,game-play-analysis-i,Easy
512,Game Play Analysis II,game-play-analysis-ii,Easy
513,Find Bottom Left Tree Value,find-bottom-left-tree-value,Medium
514,Freedom Trail,freedom-trail,Hard
515,Find Largest Value in Each Tree Row,find-largest-value-in-each-tree-row,Medium
516,Longest Palindromic Subsequence,longest-palindromic-subsequence,Medium
517,Super Washing Machines,super-washing-machines,Hard
518,Coin Change 2,coin-change-2,Medium
519,Random Flip Matrix,random-flip-matrix,Medium
520,Detect Capital,detect-capital,Easy
521,Longest Uncommon Subsequence I ,longest-uncommon-subsequence-i,Easy
522,Longest Uncommon Subsequence II,longest-uncommon-subsequence-ii,Medium
523,Continuous Subarray Sum ,continuous-subarray-sum,Medium
524,Longest Word in Dictionary through Deleting,longest-word-in-dictionary-through-deleting,Medium
525,Contiguous Array,contiguous-array,Medium
526,Beautiful Arrangement,beautiful-arrangement,Medium
527,Word Abbreviation,word-abbreviation,Hard
528,Random Pick with Weight,random-pick-with-weight,Medium
529,Minesweeper,minesweeper,Medium
530,Minimum Absolute Difference in BST,minimum-absolute-difference-in-bst,Easy
531,Lonely Pixel I,lonely-pixel-i,Medium
532,K-diff Pairs in an Array,k-diff-pairs-in-an-array,Easy
533,Lonely Pixel II,lonely-pixel-ii,Medium
534,Game Play Analysis III,game-play-analysis-iii,Medium
535,Encode and Decode TinyURL,encode-and-decode-tinyurl,Medium
536,Construct Binary Tree from String,construct-binary-tree-from-string,Medium
537,Complex Number Multiplication,complex-number-multiplication,Medium
538,Convert BST to Greater Tree,convert-bst-to-greater-tree,Easy
539,Minimum Time Difference,minimum-time-difference,Medium
540,Single Element in a Sorted Array,single-element-in-a-sorted-array,Medium
541,Reverse String II,reverse-string-ii,Easy
542,01 Matrix,01-matrix,Medium
544,Output Contest Matches,output-contest-matches,Medium
545,Boundary of Binary Tree,boundary-of-binary-tree,Medium
546,Remove Boxes,remove-boxes,Hard
548,Split Array with Equal Sum,split-array-with-equal-sum,Medium
549,Binary Tree Longest Consecutive Sequence II,binary-tree-longest-consecutive-sequence-ii,Medium
550,Game Play Analysis IV,game-play-analysis-iv,Medium
551,Student Attendance Record I,student-attendance-record-i,Easy
552,Student Attendance Record II,student-attendance-record-ii,Hard
553,Optimal Division,optimal-division,Medium
554,Brick Wall,brick-wall,Medium
555,Split Concatenated Strings,split-concatenated-strings,Medium
556,Next Greater Element III,next-greater-element-iii,Medium
557,Reverse Words in a String III,reverse-words-in-a-string-iii,Easy
558,Logical OR of Two Binary Grids Represented as Quad-Trees,logical-or-of-two-binary-grids-represented-as-quad-trees,Medium
561,Array Partition I,array-partition-i,Easy
562,Longest Line of Consecutive One in Matrix,longest-line-of-consecutive-one-in-matrix,Medium
563,Binary Tree Tilt,binary-tree-tilt,Easy
564,Find the Closest Palindrome,find-the-closest-palindrome,Hard
565,Array Nesting,array-nesting,Medium
566,Reshape the Matrix,reshape-the-matrix,Easy
567,Permutation in String,permutation-in-string,Medium
568,Maximum Vacation Days,maximum-vacation-days,Hard
569,Median Employee Salary,median-employee-salary,Hard
570,Managers with at Least 5 Direct Reports,managers-with-at-least-5-direct-reports,Medium
571,Find Median Given Frequency of Numbers,find-median-given-frequency-of-numbers,Hard
573,Squirrel Simulation,squirrel-simulation,Medium
574,Winning Candidate,winning-candidate,Medium
575,Distribute Candies,distribute-candies,Easy
576,Out of Boundary Paths,out-of-boundary-paths,Medium
577,Employee Bonus,employee-bonus,Easy
578,Get Highest Answer Rate Question,get-highest-answer-rate-question,Medium
579,Find Cumulative Salary of an Employee,find-cumulative-salary-of-an-employee,Hard
580,Count Student Number in Departments,count-student-number-in-departments,Medium
581,Shortest Unsorted Continuous Subarray,shortest-unsorted-continuous-subarray,Easy
582,Kill Process,kill-process,Medium
583,Delete Operation for Two Strings,delete-operation-for-two-strings,Medium
584,Find Customer Referee,find-customer-referee,Easy
585,Investments in 2016,investments-in-2016,Medium
586,Customer Placing the Largest Number of Orders,customer-placing-the-largest-number-of-orders,Easy
587,Erect the Fence,erect-the-fence,Hard
588,Design In-Memory File System,design-in-memory-file-system,Hard
591,Tag Validator,tag-validator,Hard
592,Fraction Addition and Subtraction,fraction-addition-and-subtraction,Medium
593,Valid Square,valid-square,Medium
597,Friend Requests I: Overall Acceptance Rate,friend-requests-i-overall-acceptance-rate,Easy
598,Range Addition II,range-addition-ii,Easy
599,Minimum Index Sum of Two Lists,minimum-index-sum-of-two-lists,Easy
600,Non-negative Integers without Consecutive Ones,non-negative-integers-without-consecutive-ones,Hard
601,Human Traffic of Stadium,human-traffic-of-stadium,Hard
602,Friend Requests II: Who Has the Most Friends,friend-requests-ii-who-has-the-most-friends,Medium
603,Consecutive Available Seats,consecutive-available-seats,Easy
604,Design Compressed String Iterator,design-compressed-string-iterator,Easy
605,Can Place Flowers,can-place-flowers,Easy
606,Construct String from Binary Tree,construct-string-from-binary-tree,Easy
607,Sales Person,sales-person,Easy
608,Tree Node,tree-node,Medium
609,Find Duplicate File in System,find-duplicate-file-in-system,Medium
610,Triangle Judgement,triangle-judgement,Easy
611,Valid Triangle Number,valid-triangle-number,Medium
612,Shortest Distance in a Plane,shortest-distance-in-a-plane,Medium
613,Shortest Distance in a Line,shortest-distance-in-a-line,Easy
614,Second Degree Follower,second-degree-follower,Medium
615,Average Salary: Departments VS Company,average-salary-departments-vs-company,Hard
616,Add Bold Tag in String,add-bold-tag-in-string,Medium
618,Students Report By Geography,students-report-by-geography,Hard
619,Biggest Single Number,biggest-single-number,Easy
621,Task Scheduler,task-scheduler,Medium
623,Add One Row to Tree,add-one-row-to-tree,Medium
624,Maximum Distance in Arrays,maximum-distance-in-arrays,Easy
625,Minimum Factorization,minimum-factorization,Medium
626,Exchange Seats,exchange-seats,Medium
627,Swap Salary ,swap-salary,Easy
628,Maximum Product of Three Numbers,maximum-product-of-three-numbers,Easy
629,K Inverse Pairs Array,k-inverse-pairs-array,Hard
630,Course Schedule III ,course-schedule-iii,Hard
631,Design Excel Sum Formula,design-excel-sum-formula,Hard
632,Smallest Range Covering Elements from K Lists,smallest-range-covering-elements-from-k-lists,Hard
633,Sum of Square Numbers,sum-of-square-numbers,Easy
634,Find the Derangement of An Array,find-the-derangement-of-an-array,Medium
635,Design Log Storage System,design-log-storage-system,Medium
636,Exclusive Time of Functions,exclusive-time-of-functions,Medium
638,Shopping Offers,shopping-offers,Medium
639,Decode Ways II,decode-ways-ii,Hard
640,Solve the Equation,solve-the-equation,Medium
642,Design Search Autocomplete System,design-search-autocomplete-system,Hard
644,Maximum Average Subarray II,maximum-average-subarray-ii,Hard
645,Set Mismatch,set-mismatch,Easy
646,Maximum Length of Pair Chain,maximum-length-of-pair-chain,Medium
647,Palindromic Substrings,palindromic-substrings,Medium
648,Replace Words ,replace-words,Medium
649,Dota2 Senate,dota2-senate,Medium
650,2 Keys Keyboard,2-keys-keyboard,Medium
651,4 Keys Keyboard,4-keys-keyboard,Medium
652,Find Duplicate Subtrees,find-duplicate-subtrees,Medium
653,Two Sum IV - Input is a BST,two-sum-iv---input-is-a-bst,Easy
655,Print Binary Tree,print-binary-tree,Medium
656,Coin Path,coin-path,Hard
657,Robot Return to Origin,robot-return-to-origin,Easy
658,Find K Closest Elements,find-k-closest-elements,Medium
659,Split Array into Consecutive Subsequences,split-array-into-consecutive-subsequences,Medium
660,Remove 9,remove-9,Hard
661,Image Smoother,image-smoother,Easy
662,Maximum Width of Binary Tree,maximum-width-of-binary-tree,Medium
663,Equal Tree Partition,equal-tree-partition,Medium
664,Strange Printer,strange-printer,Hard
665,Non-decreasing Array,non-decreasing-array,Easy
666,Path Sum IV,path-sum-iv,Medium
667,Beautiful Arrangement II,beautiful-arrangement-ii,Medium
668,Kth Smallest Number in Multiplication Table,kth-smallest-number-in-multiplication-table,Hard
669,Trim a Binary Search Tree,trim-a-binary-search-tree,Easy
670,Maximum Swap,maximum-swap,Medium
671,Second Minimum Node In a Binary Tree,second-minimum-node-in-a-binary-tree,Easy
672,Bulb Switcher II,bulb-switcher-ii,Medium
673,Number of Longest Increasing Subsequence,number-of-longest-increasing-subsequence,Medium
674,Longest Continuous Increasing Subsequence,longest-continuous-increasing-subsequence,Easy
675,Cut Off Trees for Golf Event,cut-off-trees-for-golf-event,Hard
676,Implement Magic Dictionary ,implement-magic-dictionary,Medium
677,Map Sum Pairs,map-sum-pairs,Medium
679,24 Game,24-game,Hard
681,Next Closest Time,next-closest-time,Medium
682,Baseball Game,baseball-game,Easy
683,K Empty Slots,k-empty-slots,Hard
685,Redundant Connection II ,redundant-connection-ii,Hard
686,Repeated String Match,repeated-string-match,Easy
688,Knight Probability in Chessboard,knight-probability-in-chessboard,Medium
689,Maximum Sum of 3 Non-Overlapping Subarrays,maximum-sum-of-3-non-overlapping-subarrays,Hard
690,Employee Importance,employee-importance,Easy
691,Stickers to Spell Word,stickers-to-spell-word,Hard
693,Binary Number with Alternating Bits,binary-number-with-alternating-bits,Easy
694,Number of Distinct Islands,number-of-distinct-islands,Medium
696,Count Binary Substrings,count-binary-substrings,Easy
697,Degree of an Array,degree-of-an-array,Easy
698,Partition to K Equal Sum Subsets,partition-to-k-equal-sum-subsets,Medium
699,Falling Squares,falling-squares,Hard
702,Search in a Sorted Array of Unknown Size,search-in-a-sorted-array-of-unknown-size,Medium
708,Insert into a Sorted Circular Linked List,insert-into-a-sorted-circular-linked-list,Medium
709,To Lower Case,to-lower-case,Easy
710,Random Pick with Blacklist,random-pick-with-blacklist,Hard
711,Number of Distinct Islands II,number-of-distinct-islands-ii,Hard
712,Minimum ASCII Delete Sum for Two Strings,minimum-ascii-delete-sum-for-two-strings,Medium
715,Range Module ,range-module,Hard
716,Max Stack,max-stack,Easy
717,1-bit and 2-bit Characters,1-bit-and-2-bit-characters,Easy
718,Maximum Length of Repeated Subarray,maximum-length-of-repeated-subarray,Medium
719,Find K-th Smallest Pair Distance,find-k-th-smallest-pair-distance,Hard
720,Longest Word in Dictionary,longest-word-in-dictionary,Easy
722,Remove Comments,remove-comments,Medium
723,Candy Crush,candy-crush,Medium
725,Split Linked List in Parts,split-linked-list-in-parts,Medium
726,Number of Atoms,number-of-atoms,Hard
727,Minimum Window Subsequence,minimum-window-subsequence,Hard
728,Self Dividing Numbers,self-dividing-numbers,Easy
729,My Calendar I,my-calendar-i,Medium
730,Count Different Palindromic Subsequences,count-different-palindromic-subsequences,Hard
731,My Calendar II,my-calendar-ii,Medium
732,My Calendar III,my-calendar-iii,Hard
733,Flood Fill ,flood-fill,Easy
734,Sentence Similarity,sentence-similarity,Easy
735,Asteroid Collision,asteroid-collision,Medium
736,Parse Lisp Expression,parse-lisp-expression,Hard
737,Sentence Similarity II,sentence-similarity-ii,Medium
738,Monotone Increasing Digits,monotone-increasing-digits,Medium
739,Daily Temperatures,daily-temperatures,Medium
740,Delete and Earn,delete-and-earn,Medium
741,Cherry Pickup,cherry-pickup,Hard
742,Closest Leaf in a Binary Tree,closest-leaf-in-a-binary-tree,Medium
744,Find Smallest Letter Greater Than Target,find-smallest-letter-greater-than-target,Easy
745,Prefix and Suffix Search,prefix-and-suffix-search,Hard
746,Min Cost Climbing Stairs,min-cost-climbing-stairs,Easy
747,Largest Number At Least Twice of Others,largest-number-at-least-twice-of-others,Easy
748,Shortest Completing Word,shortest-completing-word,Easy
749,Contain Virus,contain-virus,Hard
750,Number Of Corner Rectangles,number-of-corner-rectangles,Medium
751,IP to CIDR,ip-to-cidr,Easy
752,Open the Lock ,open-the-lock,Medium
753,Cracking the Safe,cracking-the-safe,Hard
754,Reach a Number,reach-a-number,Medium
755,Pour Water,pour-water,Medium
756,Pyramid Transition Matrix,pyramid-transition-matrix,Medium
757,Set Intersection Size At Least Two,set-intersection-size-at-least-two,Hard
758,Bold Words in String,bold-words-in-string,Easy
759,Employee Free Time,employee-free-time,Hard
760,Find Anagram Mappings,find-anagram-mappings,Easy
761,Special Binary String,special-binary-string,Hard
762,Prime Number of Set Bits in Binary Representation,prime-number-of-set-bits-in-binary-representation,Easy
764,Largest Plus Sign,largest-plus-sign,Medium
765,Couples Holding Hands,couples-holding-hands,Hard
766,Toeplitz Matrix,toeplitz-matrix,Easy
767,Reorganize String,reorganize-string,Medium
768,Max Chunks To Make Sorted II,max-chunks-to-make-sorted-ii,Hard
769,Max Chunks To Make Sorted ,max-chunks-to-make-sorted,Medium
770,Basic Calculator IV,basic-calculator-iv,Hard
772,Basic Calculator III,basic-calculator-iii,Hard
773,Sliding Puzzle,sliding-puzzle,Hard
774,Minimize Max Distance to Gas Station,minimize-max-distance-to-gas-station,Hard
775,Global and Local Inversions,global-and-local-inversions,Medium
776,Split BST,split-bst,Medium
777,Swap Adjacent in LR String,swap-adjacent-in-lr-string,Medium
778,Swim in Rising Water,swim-in-rising-water,Hard
779,K-th Symbol in Grammar,k-th-symbol-in-grammar,Medium
780,Reaching Points,reaching-points,Hard
781,Rabbits in Forest,rabbits-in-forest,Medium
782,Transform to Chessboard,transform-to-chessboard,Hard
783,Minimum Distance Between BST Nodes ,minimum-distance-between-bst-nodes,Easy
784,Letter Case Permutation,letter-case-permutation,Easy
786,K-th Smallest Prime Fraction,k-th-smallest-prime-fraction,Hard
788,Rotated Digits,rotated-digits,Easy
789,Escape The Ghosts,escape-the-ghosts,Medium
790,Domino and Tromino Tiling,domino-and-tromino-tiling,Medium
791,Custom Sort String,custom-sort-string,Medium
792,Number of Matching Subsequences,number-of-matching-subsequences,Medium
793,Preimage Size of Factorial Zeroes Function,preimage-size-of-factorial-zeroes-function,Hard
794,Valid Tic-Tac-Toe State,valid-tic-tac-toe-state,Medium
795,Number of Subarrays with Bounded Maximum,number-of-subarrays-with-bounded-maximum,Medium
796,Rotate String,rotate-string,Easy
798,Smallest Rotation with Highest Score,smallest-rotation-with-highest-score,Hard
800,Similar RGB Color,similar-rgb-color,Easy
801,Minimum Swaps To Make Sequences Increasing,minimum-swaps-to-make-sequences-increasing,Medium
802,Find Eventual Safe States,find-eventual-safe-states,Medium
803,Bricks Falling When Hit,bricks-falling-when-hit,Hard
804,Unique Morse Code Words,unique-morse-code-words,Easy
805,Split Array With Same Average,split-array-with-same-average,Hard
806,Number of Lines To Write String,number-of-lines-to-write-string,Easy
807,Max Increase to Keep City Skyline,max-increase-to-keep-city-skyline,Medium
808,Soup Servings,soup-servings,Medium
809,Expressive Words,expressive-words,Medium
810,Chalkboard XOR Game,chalkboard-xor-game,Hard
811,Subdomain Visit Count,subdomain-visit-count,Easy
812,Largest Triangle Area,largest-triangle-area,Easy
813,Largest Sum of Averages,largest-sum-of-averages,Medium
815,Bus Routes,bus-routes,Hard
816,Ambiguous Coordinates,ambiguous-coordinates,Medium
817,Linked List Components,linked-list-components,Medium
818,Race Car,race-car,Hard
819,Most Common Word,most-common-word,Easy
820,Short Encoding of Words,short-encoding-of-words,Medium
821,Shortest Distance to a Character,shortest-distance-to-a-character,Easy
822,Card Flipping Game,card-flipping-game,Medium
823,Binary Trees With Factors,binary-trees-with-factors,Medium
824,Goat Latin,goat-latin,Easy
825,Friends Of Appropriate Ages,friends-of-appropriate-ages,Medium
827,Making A Large Island,making-a-large-island,Hard
828,Count Unique Characters of All Substrings of a Given String,count-unique-characters-of-all-substrings-of-a-given-string,Hard
829,Consecutive Numbers Sum,consecutive-numbers-sum,Hard
830,Positions of Large Groups,positions-of-large-groups,Easy
831,Masking Personal Information,masking-personal-information,Medium
832,Flipping an Image,flipping-an-image,Easy
833,Find And Replace in String,find-and-replace-in-string,Medium
834,Sum of Distances in Tree,sum-of-distances-in-tree,Hard
835,Image Overlap,image-overlap,Medium
837,New 21 Game,new-21-game,Medium
838,Push Dominoes,push-dominoes,Medium
839,Similar String Groups,similar-string-groups,Hard
840,Magic Squares In Grid,magic-squares-in-grid,Easy
842,Split Array into Fibonacci Sequence,split-array-into-fibonacci-sequence,Medium
843,Guess the Word,guess-the-word,Hard
844,Backspace String Compare,backspace-string-compare,Easy
845,Longest Mountain in Array,longest-mountain-in-array,Medium
846,Hand of Straights,hand-of-straights,Medium
847,Shortest Path Visiting All Nodes,shortest-path-visiting-all-nodes,Hard
848,Shifting Letters,shifting-letters,Medium
849,Maximize Distance to Closest Person,maximize-distance-to-closest-person,Easy
850,Rectangle Area II,rectangle-area-ii,Hard
851,Loud and Rich,loud-and-rich,Medium
852,Peak Index in a Mountain Array,peak-index-in-a-mountain-array,Easy
853,Car Fleet,car-fleet,Medium
854,K-Similar Strings,k-similar-strings,Hard
855,Exam Room,exam-room,Medium
856,Score of Parentheses,score-of-parentheses,Medium
857,Minimum Cost to Hire K Workers,minimum-cost-to-hire-k-workers,Hard
858,Mirror Reflection,mirror-reflection,Medium
859,Buddy Strings,buddy-strings,Easy
861,Score After Flipping Matrix,score-after-flipping-matrix,Medium
862,Shortest Subarray with Sum at Least K,shortest-subarray-with-sum-at-least-k,Hard
863,All Nodes Distance K in Binary Tree,all-nodes-distance-k-in-binary-tree,Medium
864,Shortest Path to Get All Keys,shortest-path-to-get-all-keys,Hard
865,Smallest Subtree with all the Deepest Nodes ,smallest-subtree-with-all-the-deepest-nodes,Medium
866,Prime Palindrome,prime-palindrome,Medium
867,Transpose Matrix,transpose-matrix,Easy
868,Binary Gap,binary-gap,Easy
869,Reordered Power of 2,reordered-power-of-2,Medium
870,Advantage Shuffle,advantage-shuffle,Medium
871,Minimum Number of Refueling Stops,minimum-number-of-refueling-stops,Hard
872,Leaf-Similar Trees,leaf-similar-trees,Easy
873,Length of Longest Fibonacci Subsequence,length-of-longest-fibonacci-subsequence,Medium
874,Walking Robot Simulation,walking-robot-simulation,Easy
875,Koko Eating Bananas,koko-eating-bananas,Medium
877,Stone Game,stone-game,Medium
878,Nth Magical Number,nth-magical-number,Hard
879,Profitable Schemes,profitable-schemes,Hard
880,Decoded String at Index,decoded-string-at-index,Medium
882,Reachable Nodes In Subdivided Graph,reachable-nodes-in-subdivided-graph,Hard
883,Projection Area of 3D Shapes,projection-area-of-3d-shapes,Easy
884,Uncommon Words from Two Sentences,uncommon-words-from-two-sentences,Easy
885,Spiral Matrix III,spiral-matrix-iii,Medium
886,Possible Bipartition,possible-bipartition,Medium
887,Super Egg Drop,super-egg-drop,Hard
889,Construct Binary Tree from Preorder and Postorder Traversal,construct-binary-tree-from-preorder-and-postorder-traversal,Medium
890,Find and Replace Pattern,find-and-replace-pattern,Medium
891,Sum of Subsequence Widths,sum-of-subsequence-widths,Hard
892,Surface Area of 3D Shapes,surface-area-of-3d-shapes,Easy
893,Groups of Special-Equivalent Strings,groups-of-special-equivalent-strings,Easy
894,All Possible Full Binary Trees ,all-possible-full-binary-trees,Medium
895,Maximum Frequency Stack,maximum-frequency-stack,Hard
896,Monotonic Array,monotonic-array,Easy
898,Bitwise ORs of Subarrays,bitwise-ors-of-subarrays,Medium
899,Orderly Queue,orderly-queue,Hard
900,RLE Iterator,rle-iterator,Medium
901,Online Stock Span,online-stock-span,Medium
902,Numbers At Most N Given Digit Set,numbers-at-most-n-given-digit-set,Hard
903,Valid Permutations for DI Sequence,valid-permutations-for-di-sequence,Hard
904,Fruit Into Baskets,fruit-into-baskets,Medium
905,Sort Array By Parity,sort-array-by-parity,Easy
906,Super Palindromes,super-palindromes,Hard
907,Sum of Subarray Minimums,sum-of-subarray-minimums,Medium
908,Smallest Range I,smallest-range-i,Easy
909,Snakes and Ladders,snakes-and-ladders,Medium
910,Smallest Range II,smallest-range-ii,Medium
911,Online Election,online-election,Medium
913,Cat and Mouse,cat-and-mouse,Hard
914,X of a Kind in a Deck of Cards,x-of-a-kind-in-a-deck-of-cards,Easy
915,Partition Array into Disjoint Intervals,partition-array-into-disjoint-intervals,Medium
916,Word Subsets,word-subsets,Medium
917,Reverse Only Letters,reverse-only-letters,Easy
918,Maximum Sum Circular Subarray,maximum-sum-circular-subarray,Medium
919,Complete Binary Tree Inserter,complete-binary-tree-inserter,Medium
920,Number of Music Playlists,number-of-music-playlists,Hard
921,Minimum Add to Make Parentheses Valid,minimum-add-to-make-parentheses-valid,Medium
922,Sort Array By Parity II,sort-array-by-parity-ii,Easy
923,3Sum With Multiplicity,3sum-with-multiplicity,Medium
924,Minimize Malware Spread,minimize-malware-spread,Hard
925,Long Pressed Name,long-pressed-name,Easy
926,Flip String to Monotone Increasing,flip-string-to-monotone-increasing,Medium
927,Three Equal Parts,three-equal-parts,Hard
928,Minimize Malware Spread II,minimize-malware-spread-ii,Hard
929,Unique Email Addresses,unique-email-addresses,Easy
930,Binary Subarrays With Sum,binary-subarrays-with-sum,Medium
931,Minimum Falling Path Sum,minimum-falling-path-sum,Medium
932,Beautiful Array,beautiful-array,Medium
933,Number of Recent Calls,number-of-recent-calls,Easy
934,Shortest Bridge,shortest-bridge,Medium
935,Knight Dialer,knight-dialer,Medium
936,Stamping The Sequence,stamping-the-sequence,Hard
937,Reorder Data in Log Files,reorder-data-in-log-files,Easy
939,Minimum Area Rectangle,minimum-area-rectangle,Medium
940,Distinct Subsequences II,distinct-subsequences-ii,Hard
942,DI String Match,di-string-match,Easy
943,Find the Shortest Superstring,find-the-shortest-superstring,Hard
944,Delete Columns to Make Sorted,delete-columns-to-make-sorted,Easy
945,Minimum Increment to Make Array Unique,minimum-increment-to-make-array-unique,Medium
946,Validate Stack Sequences,validate-stack-sequences,Medium
947,Most Stones Removed with Same Row or Column,most-stones-removed-with-same-row-or-column,Medium
948,Bag of Tokens,bag-of-tokens,Medium
949,Largest Time for Given Digits,largest-time-for-given-digits,Easy
950,Reveal Cards In Increasing Order,reveal-cards-in-increasing-order,Medium
951,Flip Equivalent Binary Trees,flip-equivalent-binary-trees,Medium
952,Largest Component Size by Common Factor,largest-component-size-by-common-factor,Hard
953,Verifying an Alien Dictionary,verifying-an-alien-dictionary,Easy
954,Array of Doubled Pairs,array-of-doubled-pairs,Medium
955,Delete Columns to Make Sorted II,delete-columns-to-make-sorted-ii,Medium
956,Tallest Billboard,tallest-billboard,Hard
957,Prison Cells After N Days,prison-cells-after-n-days,Medium
958,Check Completeness of a Binary Tree,check-completeness-of-a-binary-tree,Medium
959,Regions Cut By Slashes,regions-cut-by-slashes,Medium
960,Delete Columns to Make Sorted III,delete-columns-to-make-sorted-iii,Hard
961,N-Repeated Element in Size 2N Array,n-repeated-element-in-size-2n-array,Easy
962,Maximum Width Ramp,maximum-width-ramp,Medium
963,Minimum Area Rectangle II,minimum-area-rectangle-ii,Medium
964,Least Operators to Express Number,least-operators-to-express-number,Hard
966,Vowel Spellchecker,vowel-spellchecker,Medium
967,Numbers With Same Consecutive Differences,numbers-with-same-consecutive-differences,Medium
968,Binary Tree Cameras,binary-tree-cameras,Hard
969,Pancake Sorting,pancake-sorting,Medium
970,Powerful Integers,powerful-integers,Easy
971,Flip Binary Tree To Match Preorder Traversal,flip-binary-tree-to-match-preorder-traversal,Medium
972,Equal Rational Numbers,equal-rational-numbers,Hard
973,K Closest Points to Origin,k-closest-points-to-origin,Medium
975,Odd Even Jump,odd-even-jump,Hard
976,Largest Perimeter Triangle,largest-perimeter-triangle,Easy
978,Longest Turbulent Subarray,longest-turbulent-subarray,Medium
979,Distribute Coins in Binary Tree,distribute-coins-in-binary-tree,Medium
980,Unique Paths III,unique-paths-iii,Hard
981,Time Based Key-Value Store ,time-based-key-value-store,Medium
982,Triples with Bitwise AND Equal To Zero,triples-with-bitwise-and-equal-to-zero,Hard
983,Minimum Cost For Tickets,minimum-cost-for-tickets,Medium
984,String Without AAA or BBB,string-without-aaa-or-bbb,Medium
985,Sum of Even Numbers After Queries,sum-of-even-numbers-after-queries,Easy
987,Vertical Order Traversal of a Binary Tree,vertical-order-traversal-of-a-binary-tree,Medium
988,Smallest String Starting From Leaf,smallest-string-starting-from-leaf,Medium
989,Add to Array-Form of Integer,add-to-array-form-of-integer,Easy
990,Satisfiability of Equality Equations,satisfiability-of-equality-equations,Medium
991,Broken Calculator,broken-calculator,Medium
992,Subarrays with K Different Integers,subarrays-with-k-different-integers,Hard
994,Rotting Oranges,rotting-oranges,Medium
995,Minimum Number of K Consecutive Bit Flips,minimum-number-of-k-consecutive-bit-flips,Hard
996,Number of Squareful Arrays,number-of-squareful-arrays,Hard
998,Maximum Binary Tree II,maximum-binary-tree-ii,Medium
999,Available Captures for Rook,available-captures-for-rook,Easy
1000,Minimum Cost to Merge Stones,minimum-cost-to-merge-stones,Hard
1001,Grid Illumination,grid-illumination,Hard
1002,Find Common Characters,find-common-characters,Easy
1003,Check If Word Is Valid After Substitutions,check-if-word-is-valid-after-substitutions,Medium
1004,Max Consecutive Ones III,max-consecutive-ones-iii,Medium
1005,Maximize Sum Of Array After K Negations,maximize-sum-of-array-after-k-negations,Easy
1006,Clumsy Factorial,clumsy-factorial,Medium
1007,Minimum Domino Rotations For Equal Row,minimum-domino-rotations-for-equal-row,Medium
1008,Construct Binary Search Tree from Preorder Traversal,construct-binary-search-tree-from-preorder-traversal,Medium
1009,Complement of Base 10 Integer,complement-of-base-10-integer,Easy
1010,Pairs of Songs With Total Durations Divisible by 60,pairs-of-songs-with-total-durations-divisible-by-60,Easy
1011,Capacity To Ship Packages Within D Days,capacity-to-ship-packages-within-d-days,Medium
1012,Numbers With Repeated Digits,numbers-with-repeated-digits,Hard
1013,Partition Array Into Three Parts With Equal Sum,partition-array-into-three-parts-with-equal-sum,Easy
1014,Best Sightseeing Pair,best-sightseeing-pair,Medium
1015,Smallest Integer Divisible by K,smallest-integer-divisible-by-k,Medium
1016,Binary String With Substrings Representing 1 To N,binary-string-with-substrings-representing-1-to-n,Medium
1017,Convert to Base -2,convert-to-base--2,Medium
1019,Next Greater Node In Linked List,next-greater-node-in-linked-list,Medium
1020,Number of Enclaves,number-of-enclaves,Medium
1021,Remove Outermost Parentheses,remove-outermost-parentheses,Easy
1022,Sum of Root To Leaf Binary Numbers,sum-of-root-to-leaf-binary-numbers,Easy
1023,Camelcase Matching,camelcase-matching,Medium
1024,Video Stitching,video-stitching,Medium
1025,Divisor Game,divisor-game,Easy
1026,Maximum Difference Between Node and Ancestor ,maximum-difference-between-node-and-ancestor,Medium
1027,Longest Arithmetic Sequence,longest-arithmetic-sequence,Medium
1028,Recover a Tree From Preorder Traversal,recover-a-tree-from-preorder-traversal,Hard
1030,Matrix Cells in Distance Order,matrix-cells-in-distance-order,Easy
1031,Maximum Sum of Two Non-Overlapping Subarrays,maximum-sum-of-two-non-overlapping-subarrays,Medium
1032,Stream of Characters,stream-of-characters,Hard
1033,Moving Stones Until Consecutive,moving-stones-until-consecutive,Easy
1034,Coloring A Border,coloring-a-border,Medium
1035,Uncrossed Lines,uncrossed-lines,Medium
1036,Escape a Large Maze,escape-a-large-maze,Hard
1037,Valid Boomerang,valid-boomerang,Easy
1038,Binary Search Tree to Greater Sum Tree,binary-search-tree-to-greater-sum-tree,Medium
1039,Minimum Score Triangulation of Polygon,minimum-score-triangulation-of-polygon,Medium
1040,Moving Stones Until Consecutive II,moving-stones-until-consecutive-ii,Medium
1041,Robot Bounded In Circle,robot-bounded-in-circle,Medium
1042,Flower Planting With No Adjacent,flower-planting-with-no-adjacent,Easy
1043,Partition Array for Maximum Sum ,partition-array-for-maximum-sum,Medium
1044,Longest Duplicate Substring,longest-duplicate-substring,Hard
1045,Customers Who Bought All Products,customers-who-bought-all-products,Medium
1047,Remove All Adjacent Duplicates In String,remove-all-adjacent-duplicates-in-string,Easy
1048,Longest String Chain,longest-string-chain,Medium
1049,Last Stone Weight II,last-stone-weight-ii,Medium
1050,Actors and Directors Who Cooperated At Least Three Times,actors-and-directors-who-cooperated-at-least-three-times,Easy
1051,Height Checker,height-checker,Easy
1052,Grumpy Bookstore Owner,grumpy-bookstore-owner,Medium
1053,Previous Permutation With One Swap,previous-permutation-with-one-swap,Medium
1054,Distant Barcodes,distant-barcodes,Medium
1055,Shortest Way to Form String,shortest-way-to-form-string,Medium
1056,Confusing Number,confusing-number,Easy
1057,Campus Bikes,campus-bikes,Medium
1058,Minimize Rounding Error to Meet Target,minimize-rounding-error-to-meet-target,Medium
1059,All Paths from Source Lead to Destination,all-paths-from-source-lead-to-destination,Medium
1060,Missing Element in Sorted Array,missing-element-in-sorted-array,Medium
1061,Lexicographically Smallest Equivalent String,lexicographically-smallest-equivalent-string,Medium
1062,Longest Repeating Substring,longest-repeating-substring,Medium
1063,Number of Valid Subarrays,number-of-valid-subarrays,Hard
1064,Fixed Point,fixed-point,Easy
1065,Index Pairs of a String,index-pairs-of-a-string,Easy
1066,Campus Bikes II,campus-bikes-ii,Medium
1067,Digit Count in Range,digit-count-in-range,Hard
1068,Product Sales Analysis I,product-sales-analysis-i,Easy
1069,Product Sales Analysis II,product-sales-analysis-ii,Easy
1070,Product Sales Analysis III,product-sales-analysis-iii,Medium
1071,Greatest Common Divisor of Strings,greatest-common-divisor-of-strings,Easy
1072,Flip Columns For Maximum Number of Equal Rows,flip-columns-for-maximum-number-of-equal-rows,Medium
1073,Adding Two Negabinary Numbers,adding-two-negabinary-numbers,Medium
1074,Number of Submatrices That Sum to Target,number-of-submatrices-that-sum-to-target,Hard
1075,Project Employees I,project-employees-i,Easy
1076,Project Employees II,project-employees-ii,Easy
1077,Project Employees III,project-employees-iii,Medium
1078,Occurrences After Bigram,occurrences-after-bigram,Easy
1079,Letter Tile Possibilities,letter-tile-possibilities,Medium
1080,Insufficient Nodes in Root to Leaf Paths,insufficient-nodes-in-root-to-leaf-paths,Medium
1081,Smallest Subsequence of Distinct Characters,smallest-subsequence-of-distinct-characters,Medium
1082,Sales Analysis I,sales-analysis-i,Easy
1083,Sales Analysis II,sales-analysis-ii,Easy
1084,Sales Analysis III,sales-analysis-iii,Easy
1085,Sum of Digits in the Minimum Number,sum-of-digits-in-the-minimum-number,Easy
1086,High Five,high-five,Easy
1087,Brace Expansion,brace-expansion,Medium
1088,Confusing Number II,confusing-number-ii,Hard
1089,Duplicate Zeros,duplicate-zeros,Easy
1090,Largest Values From Labels,largest-values-from-labels,Medium
1091,Shortest Path in Binary Matrix ,shortest-path-in-binary-matrix,Medium
1092,Shortest Common Supersequence ,shortest-common-supersequence,Hard
1094,Car Pooling,car-pooling,Medium
1095,Find in Mountain Array,find-in-mountain-array,Hard
1096,Brace Expansion II,brace-expansion-ii,Hard
1097,Game Play Analysis V,game-play-analysis-v,Hard
1098,Unpopular Books,unpopular-books,Medium
1099,Two Sum Less Than K,two-sum-less-than-k,Easy
1100,Find K-Length Substrings With No Repeated Characters,find-k-length-substrings-with-no-repeated-characters,Medium
1101,The Earliest Moment When Everyone Become Friends,the-earliest-moment-when-everyone-become-friends,Medium
1102,Path With Maximum Minimum Value,path-with-maximum-minimum-value,Medium
1104,Path In Zigzag Labelled Binary Tree,path-in-zigzag-labelled-binary-tree,Medium
1105,Filling Bookcase Shelves,filling-bookcase-shelves,Medium
1106,Parsing A Boolean Expression,parsing-a-boolean-expression,Hard
1107,New Users Daily Count,new-users-daily-count,Medium
1108,Defanging an IP Address,defanging-an-ip-address,Easy
1109,Corporate Flight Bookings,corporate-flight-bookings,Medium
1111,Maximum Nesting Depth of Two Valid Parentheses Strings,maximum-nesting-depth-of-two-valid-parentheses-strings,Medium
1112,Highest Grade For Each Student,highest-grade-for-each-student,Medium
1113,Reported Posts,reported-posts,Easy
1115,Print FooBar Alternately,print-foobar-alternately,Medium
1116,Print Zero Even Odd,print-zero-even-odd,Medium
1117,Building H2O,building-h2o,Medium
1118,Number of Days in a Month,number-of-days-in-a-month,Easy
1119,Remove Vowels from a String,remove-vowels-from-a-string,Easy
1120,Maximum Average Subtree,maximum-average-subtree,Medium
1121,Divide Array Into Increasing Sequences,divide-array-into-increasing-sequences,Hard
1122,Relative Sort Array,relative-sort-array,Easy
1123,Lowest Common Ancestor of Deepest Leaves,lowest-common-ancestor-of-deepest-leaves,Medium
1124,Longest Well-Performing Interval,longest-well-performing-interval,Medium
1125,Smallest Sufficient Team,smallest-sufficient-team,Hard
1126,Active Businesses,active-businesses,Medium
1127,User Purchase Platform,user-purchase-platform,Hard
1128,Number of Equivalent Domino Pairs,number-of-equivalent-domino-pairs,Easy
1129,Shortest Path with Alternating Colors ,shortest-path-with-alternating-colors,Medium
1130,Minimum Cost Tree From Leaf Values ,minimum-cost-tree-from-leaf-values,Medium
1131,Maximum of Absolute Value Expression,maximum-of-absolute-value-expression,Medium
1132,Reported Posts II,reported-posts-ii,Medium
1133,Largest Unique Number,largest-unique-number,Easy
1134,Armstrong Number,armstrong-number,Easy
1135,Connecting Cities With Minimum Cost,connecting-cities-with-minimum-cost,Medium
1136,Parallel Courses,parallel-courses,Hard
1138,Alphabet Board Path,alphabet-board-path,Medium
1139,Largest 1-Bordered Square,largest-1-bordered-square,Medium
1140,Stone Game II,stone-game-ii,Medium
1141,User Activity for the Past 30 Days I,user-activity-for-the-past-30-days-i,Easy
1142,User Activity for the Past 30 Days II,user-activity-for-the-past-30-days-ii,Easy
1144,Decrease Elements To Make Array Zigzag,decrease-elements-to-make-array-zigzag,Medium
1145,Binary Tree Coloring Game,binary-tree-coloring-game,Medium
1146,Snapshot Array,snapshot-array,Medium
1147,Longest Chunked Palindrome Decomposition,longest-chunked-palindrome-decomposition,Hard
1148,Article Views I,article-views-i,Easy
1149,Article Views II,article-views-ii,Medium
1150,Check If a Number Is Majority Element in a Sorted Array,check-if-a-number-is-majority-element-in-a-sorted-array,Easy
1151,Minimum Swaps to Group All 1's Together,minimum-swaps-to-group-all-1s-together,Medium
1152,Analyze User Website Visit Pattern,analyze-user-website-visit-pattern,Medium
1153,String Transforms Into Another String,string-transforms-into-another-string,Hard
1154,Day of the Year,day-of-the-year,Easy
1155,Number of Dice Rolls With Target Sum,number-of-dice-rolls-with-target-sum,Medium
1156,Swap For Longest Repeated Character Substring,swap-for-longest-repeated-character-substring,Medium
1157,Online Majority Element In Subarray,online-majority-element-in-subarray,Hard
1158,Market Analysis I,market-analysis-i,Medium
1159,Market Analysis II,market-analysis-ii,Hard
1160,Find Words That Can Be Formed by Characters,find-words-that-can-be-formed-by-characters,Easy
1161,Maximum Level Sum of a Binary Tree,maximum-level-sum-of-a-binary-tree,Medium
1162,As Far from Land as Possible,as-far-from-land-as-possible,Medium
1163,Last Substring in Lexicographical Order,last-substring-in-lexicographical-order,Hard
1164,Product Price at a Given Date,product-price-at-a-given-date,Medium
1165,Single-Row Keyboard,single-row-keyboard,Easy
1166,Design File System,design-file-system,Medium
1167,Minimum Cost to Connect Sticks,minimum-cost-to-connect-sticks,Medium
1168,Optimize Water Distribution in a Village,optimize-water-distribution-in-a-village,Hard
1169,Invalid Transactions,invalid-transactions,Medium
1170,Compare Strings by Frequency of the Smallest Character,compare-strings-by-frequency-of-the-smallest-character,Easy
1171,Remove Zero Sum Consecutive Nodes from Linked List,remove-zero-sum-consecutive-nodes-from-linked-list,Medium
1172,Dinner Plate Stacks,dinner-plate-stacks,Hard
1173,Immediate Food Delivery I,immediate-food-delivery-i,Easy
1174,Immediate Food Delivery II,immediate-food-delivery-ii,Medium
1175,Prime Arrangements,prime-arrangements,Easy
1176,Diet Plan Performance,diet-plan-performance,Easy
1177,Can Make Palindrome from Substring,can-make-palindrome-from-substring,Medium
1178,Number of Valid Words for Each Puzzle,number-of-valid-words-for-each-puzzle,Hard
1180,Count Substrings with Only One Distinct Letter,count-substrings-with-only-one-distinct-letter,Easy
1181,Before and After Puzzle,before-and-after-puzzle,Medium
1182,Shortest Distance to Target Color,shortest-distance-to-target-color,Medium
1183,Maximum Number of Ones,maximum-number-of-ones,Hard
1185,Day of the Week,day-of-the-week,Easy
1186,Maximum Subarray Sum with One Deletion,maximum-subarray-sum-with-one-deletion,Medium
1187,Make Array Strictly Increasing,make-array-strictly-increasing,Hard
1188,Design Bounded Blocking Queue,design-bounded-blocking-queue,Medium
1189,Maximum Number of Balloons,maximum-number-of-balloons,Easy
1190,Reverse Substrings Between Each Pair of Parentheses,reverse-substrings-between-each-pair-of-parentheses,Medium
1191,K-Concatenation Maximum Sum,k-concatenation-maximum-sum,Medium
1192,Critical Connections in a Network,critical-connections-in-a-network,Hard
1193,Monthly Transactions I,monthly-transactions-i,Medium
1194,Tournament Winners,tournament-winners,Hard
1195,Fizz Buzz Multithreaded,fizz-buzz-multithreaded,Medium
1196,How Many Apples Can You Put into the Basket,how-many-apples-can-you-put-into-the-basket,Easy
1197,Minimum Knight Moves,minimum-knight-moves,Medium
1198,Find Smallest Common Element in All Rows,find-smallest-common-element-in-all-rows,Medium
1199,Minimum Time to Build Blocks,minimum-time-to-build-blocks,Hard
1201,Ugly Number III,ugly-number-iii,Medium
1203,Sort Items by Groups Respecting Dependencies,sort-items-by-groups-respecting-dependencies,Hard
1204,Last Person to Fit in the Elevator,last-person-to-fit-in-the-elevator,Medium
1205,Monthly Transactions II,monthly-transactions-ii,Medium
1206,Design Skiplist,design-skiplist,Hard
1207,Unique Number of Occurrences,unique-number-of-occurrences,Easy
1208,Get Equal Substrings Within Budget,get-equal-substrings-within-budget,Medium
1209,Remove All Adjacent Duplicates in String II,remove-all-adjacent-duplicates-in-string-ii,Medium
1210,Minimum Moves to Reach Target with Rotations,minimum-moves-to-reach-target-with-rotations,Hard
1211,Queries Quality and Percentage,queries-quality-and-percentage,Easy
1212,Team Scores in Football Tournament,team-scores-in-football-tournament,Medium
1213,Intersection of Three Sorted Arrays,intersection-of-three-sorted-arrays,Easy
1214,Two Sum BSTs,two-sum-bsts,Medium
1215,Stepping Numbers,stepping-numbers,Medium
1216,Valid Palindrome III,valid-palindrome-iii,Hard
1217,Play with Chips,play-with-chips,Easy
1218,Longest Arithmetic Subsequence of Given Difference,longest-arithmetic-subsequence-of-given-difference,Medium
1219,Path with Maximum Gold,path-with-maximum-gold,Medium
1220,Count Vowels Permutation,count-vowels-permutation,Hard
1221,Split a String in Balanced Strings,split-a-string-in-balanced-strings,Easy
1222,Queens That Can Attack the King,queens-that-can-attack-the-king,Medium
1223,Dice Roll Simulation,dice-roll-simulation,Medium
1224,Maximum Equal Frequency,maximum-equal-frequency,Hard
1225,Report Contiguous Dates,report-contiguous-dates,Hard
1227,Airplane Seat Assignment Probability,airplane-seat-assignment-probability,Medium
1228,Missing Number In Arithmetic Progression,missing-number-in-arithmetic-progression,Easy
1229,Meeting Scheduler,meeting-scheduler,Medium
1230,Toss Strange Coins,toss-strange-coins,Medium
1231,Divide Chocolate,divide-chocolate,Hard
1232,Check If It Is a Straight Line,check-if-it-is-a-straight-line,Easy
1233,Remove Sub-Folders from the Filesystem,remove-sub-folders-from-the-filesystem,Medium
1234,Replace the Substring for Balanced String,replace-the-substring-for-balanced-string,Medium
1235,Maximum Profit in Job Scheduling,maximum-profit-in-job-scheduling,Hard
1236,Web Crawler,web-crawler,Medium
1237,Find Positive Integer Solution for a Given Equation,find-positive-integer-solution-for-a-given-equation,Easy
1238,Circular Permutation in Binary Representation,circular-permutation-in-binary-representation,Medium
1240,Tiling a Rectangle with the Fewest Squares,tiling-a-rectangle-with-the-fewest-squares,Hard
1241,Number of Comments per Post,number-of-comments-per-post,Easy
1242,Web Crawler Multithreaded,web-crawler-multithreaded,Medium
1243,Array Transformation,array-transformation,Easy
1244,Design A Leaderboard,design-a-leaderboard,Medium
1245,Tree Diameter,tree-diameter,Medium
1246,Palindrome Removal,palindrome-removal,Hard
1247,Minimum Swaps to Make Strings Equal,minimum-swaps-to-make-strings-equal,Medium
1248,Count Number of Nice Subarrays,count-number-of-nice-subarrays,Medium
1249,Minimum Remove to Make Valid Parentheses,minimum-remove-to-make-valid-parentheses,Medium
1250,Check If It Is a Good Array,check-if-it-is-a-good-array,Hard
1251,Average Selling Price,average-selling-price,Easy
1252,Cells with Odd Values in a Matrix,cells-with-odd-values-in-a-matrix,Easy
1253,Reconstruct a 2-Row Binary Matrix,reconstruct-a-2-row-binary-matrix,Medium
1254,Number of Closed Islands ,number-of-closed-islands,Medium
1255,Maximum Score Words Formed by Letters,maximum-score-words-formed-by-letters,Hard
1256,Encode Number,encode-number,Medium
1257,Smallest Common Region,smallest-common-region,Medium
1258,Synonymous Sentences,synonymous-sentences,Medium
1259,Handshakes That Don't Cross,handshakes-that-dont-cross,Hard
1262,Greatest Sum Divisible by Three,greatest-sum-divisible-by-three,Medium
1263,Minimum Moves to Move a Box to Their Target Location,minimum-moves-to-move-a-box-to-their-target-location,Hard
1264,Page Recommendations,page-recommendations,Medium
1265,Print Immutable Linked List in Reverse,print-immutable-linked-list-in-reverse,Medium
1266,Minimum Time Visiting All Points,minimum-time-visiting-all-points,Easy
1268,Search Suggestions System,search-suggestions-system,Medium
1269,Number of Ways to Stay in the Same Place After Some Steps,number-of-ways-to-stay-in-the-same-place-after-some-steps,Hard
1270,All People Report to the Given Manager,all-people-report-to-the-given-manager,Medium
1271,Hexspeak,hexspeak,Easy
1272,Remove Interval,remove-interval,Medium
1273,Delete Tree Nodes,delete-tree-nodes,Medium
1274,Number of Ships in a Rectangle,number-of-ships-in-a-rectangle,Hard
1275,Find Winner on a Tic Tac Toe Game,find-winner-on-a-tic-tac-toe-game,Easy
1276,Number of Burgers with No Waste of Ingredients,number-of-burgers-with-no-waste-of-ingredients,Medium
1277,Count Square Submatrices with All Ones,count-square-submatrices-with-all-ones,Medium
1278,Palindrome Partitioning III,palindrome-partitioning-iii,Hard
1279,Traffic Light Controlled Intersection,traffic-light-controlled-intersection,Easy
1280,Students and Examinations,students-and-examinations,Easy
1281,Subtract the Product and Sum of Digits of an Integer,subtract-the-product-and-sum-of-digits-of-an-integer,Easy
1282,Group the People Given the Group Size They Belong To,group-the-people-given-the-group-size-they-belong-to,Medium
1283,Find the Smallest Divisor Given a Threshold,find-the-smallest-divisor-given-a-threshold,Medium
1284,Minimum Number of Flips to Convert Binary Matrix to Zero Matrix,minimum-number-of-flips-to-convert-binary-matrix-to-zero-matrix,Hard
1285,Find the Start and End Number of Continuous Ranges,find-the-start-and-end-number-of-continuous-ranges,Medium
1286,Iterator for Combination,iterator-for-combination,Medium
1287,Element Appearing More Than 25% In Sorted Array,element-appearing-more-than-25-in-sorted-array,Easy
1288,Remove Covered Intervals,remove-covered-intervals,Medium
1289,Minimum Falling Path Sum II,minimum-falling-path-sum-ii,Hard
1290,Convert Binary Number in a Linked List to Integer,convert-binary-number-in-a-linked-list-to-integer,Easy
1291,Sequential Digits,sequential-digits,Medium
1292,Maximum Side Length of a Square with Sum Less than or Equal to Threshold,maximum-side-length-of-a-square-with-sum-less-than-or-equal-to-threshold,Medium
1293,Shortest Path in a Grid with Obstacles Elimination,shortest-path-in-a-grid-with-obstacles-elimination,Hard
1294,Weather Type in Each Country,weather-type-in-each-country,Easy
1295,Find Numbers with Even Number of Digits,find-numbers-with-even-number-of-digits,Easy
1296,Divide Array in Sets of K Consecutive Numbers,divide-array-in-sets-of-k-consecutive-numbers,Medium
1297,Maximum Number of Occurrences of a Substring,maximum-number-of-occurrences-of-a-substring,Medium
1298,Maximum Candies You Can Get from Boxes,maximum-candies-you-can-get-from-boxes,Hard
1299,Replace Elements with Greatest Element on Right Side,replace-elements-with-greatest-element-on-right-side,Easy
1300,Sum of Mutated Array Closest to Target,sum-of-mutated-array-closest-to-target,Medium
1301,Number of Paths with Max Score,number-of-paths-with-max-score,Hard
1302,Deepest Leaves Sum,deepest-leaves-sum,Medium
1303,Find the Team Size,find-the-team-size,Easy
1304,Find N Unique Integers Sum up to Zero,find-n-unique-integers-sum-up-to-zero,Easy
1305,All Elements in Two Binary Search Trees,all-elements-in-two-binary-search-trees,Medium
1306,Jump Game III,jump-game-iii,Medium
1307,Verbal Arithmetic Puzzle,verbal-arithmetic-puzzle,Hard
1308,Running Total for Different Genders,running-total-for-different-genders,Medium
1309,Decrypt String from Alphabet to Integer Mapping,decrypt-string-from-alphabet-to-integer-mapping,Easy
1310,XOR Queries of a Subarray,xor-queries-of-a-subarray,Medium
1311,Get Watched Videos by Your Friends,get-watched-videos-by-your-friends,Medium
1312,Minimum Insertion Steps to Make a String Palindrome,minimum-insertion-steps-to-make-a-string-palindrome,Hard
1313,Decompress Run-Length Encoded List,decompress-run-length-encoded-list,Easy
1314,Matrix Block Sum,matrix-block-sum,Medium
1315,Sum of Nodes with Even-Valued Grandparent,sum-of-nodes-with-even-valued-grandparent,Medium
1316,Distinct Echo Substrings,distinct-echo-substrings,Hard
1317,Convert Integer to the Sum of Two No-Zero Integers,convert-integer-to-the-sum-of-two-no-zero-integers,Easy
1318,Minimum Flips to Make a OR b Equal to c,minimum-flips-to-make-a-or-b-equal-to-c,Medium
1319,Number of Operations to Make Network Connected,number-of-operations-to-make-network-connected,Medium
1320,Minimum Distance to Type a Word Using Two Fingers,minimum-distance-to-type-a-word-using-two-fingers,Hard
1321,Restaurant Growth,restaurant-growth,Medium
1322,Ads Performance,ads-performance,Easy
1323,Maximum 69 Number,maximum-69-number,Easy
1324,Print Words Vertically,print-words-vertically,Medium
1325,Delete Leaves With a Given Value,delete-leaves-with-a-given-value,Medium
1326,Minimum Number of Taps to Open to Water a Garden,minimum-number-of-taps-to-open-to-water-a-garden,Hard
1327,List the Products Ordered in a Period,list-the-products-ordered-in-a-period,Easy
1328,Break a Palindrome,break-a-palindrome,Medium
1329,Sort the Matrix Diagonally,sort-the-matrix-diagonally,Medium
1330,Reverse Subarray To Maximize Array Value,reverse-subarray-to-maximize-array-value,Hard
1331,Rank Transform of an Array,rank-transform-of-an-array,Easy
1332,Remove Palindromic Subsequences,remove-palindromic-subsequences,Easy
1333,"Filter Restaurants by Vegan-Friendly, Price and Distance",filter-restaurants-by-vegan-friendly-price-and-distance,Medium
1334,Find the City With the Smallest Number of Neighbors at a Threshold Distance,find-the-city-with-the-smallest-number-of-neighbors-at-a-threshold-distance,Medium
1335,Minimum Difficulty of a Job Schedule,minimum-difficulty-of-a-job-schedule,Hard
1336,Number of Transactions per Visit,number-of-transactions-per-visit,Hard
1337,The K Weakest Rows in a Matrix,the-k-weakest-rows-in-a-matrix,Easy
1338,Reduce Array Size to The Half,reduce-array-size-to-the-half,Medium
1339,Maximum Product of Splitted Binary Tree,maximum-product-of-splitted-binary-tree,Medium
1340,Jump Game V,jump-game-v,Hard
1341,Movie Rating,movie-rating,Medium
1342,Number of Steps to Reduce a Number to Zero,number-of-steps-to-reduce-a-number-to-zero,Easy
1343,Number of Sub-arrays of Size K and Average Greater than or Equal to Threshold,number-of-sub-arrays-of-size-k-and-average-greater-than-or-equal-to-threshold,Medium
1344,Angle Between Hands of a Clock,angle-between-hands-of-a-clock,Medium
1345,Jump Game IV,jump-game-iv,Hard
1346,Check If N and Its Double Exist,check-if-n-and-its-double-exist,Easy
1347,Minimum Number of Steps to Make Two Strings Anagram,minimum-number-of-steps-to-make-two-strings-anagram,Medium
1348,Tweet Counts Per Frequency,tweet-counts-per-frequency,Medium
1349,Maximum Students Taking Exam,maximum-students-taking-exam,Hard
1350,Students With Invalid Departments,students-with-invalid-departments,Easy
1351,Count Negative Numbers in a Sorted Matrix,count-negative-numbers-in-a-sorted-matrix,Easy
1352,Product of the Last K Numbers,product-of-the-last-k-numbers,Medium
1353,Maximum Number of Events That Can Be Attended,maximum-number-of-events-that-can-be-attended,Medium
1354,Construct Target Array With Multiple Sums,construct-target-array-with-multiple-sums,Hard
1355,Activity Participants,activity-participants,Medium
1356,Sort Integers by The Number of 1 Bits,sort-integers-by-the-number-of-1-bits,Easy
1357,Apply Discount Every n Orders,apply-discount-every-n-orders,Medium
1358,Number of Substrings Containing All Three Characters,number-of-substrings-containing-all-three-characters,Medium
1359,Count All Valid Pickup and Delivery Options,count-all-valid-pickup-and-delivery-options,Hard
1360,Number of Days Between Two Dates,number-of-days-between-two-dates,Easy
1361,Validate Binary Tree Nodes,validate-binary-tree-nodes,Medium
1362,Closest Divisors,closest-divisors,Medium
1363,Largest Multiple of Three,largest-multiple-of-three,Hard
1364,Number of Trusted Contacts of a Customer,number-of-trusted-contacts-of-a-customer,Medium
1365,How Many Numbers Are Smaller Than the Current Number,how-many-numbers-are-smaller-than-the-current-number,Easy
1366,Rank Teams by Votes,rank-teams-by-votes,Medium
1367,Linked List in Binary Tree,linked-list-in-binary-tree,Medium
1368,Minimum Cost to Make at Least One Valid Path in a Grid,minimum-cost-to-make-at-least-one-valid-path-in-a-grid,Hard
1369,Get the Second Most Recent Activity,get-the-second-most-recent-activity,Hard
1370,Increasing Decreasing String,increasing-decreasing-string,Easy
1371,Find the Longest Substring Containing Vowels in Even Counts,find-the-longest-substring-containing-vowels-in-even-counts,Medium
1372,Longest ZigZag Path in a Binary Tree,longest-zigzag-path-in-a-binary-tree,Medium
1373,Maximum Sum BST in Binary Tree,maximum-sum-bst-in-binary-tree,Hard
1374,Generate a String With Characters That Have Odd Counts,generate-a-string-with-characters-that-have-odd-counts,Easy
1375,Bulb Switcher III,bulb-switcher-iii,Medium
1376,Time Needed to Inform All Employees,time-needed-to-inform-all-employees,Medium
1377,Frog Position After T Seconds,frog-position-after-t-seconds,Hard
1378,Replace Employee ID With The Unique Identifier,replace-employee-id-with-the-unique-identifier,Easy
1379,Find a Corresponding Node of a Binary Tree in a Clone of That Tree,find-a-corresponding-node-of-a-binary-tree-in-a-clone-of-that-tree,Medium
1380,Lucky Numbers in a Matrix,lucky-numbers-in-a-matrix,Easy
1381,Design a Stack With Increment Operation,design-a-stack-with-increment-operation,Medium
1382,Balance a Binary Search Tree,balance-a-binary-search-tree,Medium
1383,Maximum Performance of a Team,maximum-performance-of-a-team,Hard
1384,Total Sales Amount by Year,total-sales-amount-by-year,Hard
1385,Find the Distance Value Between Two Arrays,find-the-distance-value-between-two-arrays,Easy
1386,Cinema Seat Allocation,cinema-seat-allocation,Medium
1387,Sort Integers by The Power Value,sort-integers-by-the-power-value,Medium
1388,Pizza With 3n Slices,pizza-with-3n-slices,Hard
1389,Create Target Array in the Given Order,create-target-array-in-the-given-order,Easy
1390,Four Divisors,four-divisors,Medium
1391,Check if There is a Valid Path in a Grid,check-if-there-is-a-valid-path-in-a-grid,Medium
1392,Longest Happy Prefix,longest-happy-prefix,Hard
1393,Capital Gain/Loss,capital-gainloss,Medium
1394,Find Lucky Integer in an Array,find-lucky-integer-in-an-array,Easy
1395,Count Number of Teams,count-number-of-teams,Medium
1396,Design Underground System,design-underground-system,Medium
1397,Find All Good Strings,find-all-good-strings,Hard
1398,Customers Who Bought Products A and B but Not CNew,customers-who-bought-products-a-and-b-but-not-cnew,Medium
1399,Count Largest Group,count-largest-group,Easy
1400,Construct K Palindrome Strings,construct-k-palindrome-strings,Medium
1401,Circle and Rectangle Overlapping,circle-and-rectangle-overlapping,Medium
1402,Reducing Dishes,reducing-dishes,Hard
1403,Minimum Subsequence in Non-Increasing Order,minimum-subsequence-in-non-increasing-order,Easy
1404,Number of Steps to Reduce a Number in Binary Representation to One,number-of-steps-to-reduce-a-number-in-binary-representation-to-one,Medium
1405,Longest Happy String,longest-happy-string,Medium
1406,Stone Game III,stone-game-iii,Hard
1407,Top TravellersNew,top-travellersnew,Easy
1,Two Sum,two-sum,Easy
3,Longest Substring Without Repeating Characters,longest-substring-without-repeating-characters,Medium
7,Reverse Integer,reverse-integer,Easy
9,Palindrome Number,palindrome-number,Easy
11,Container With Most Water,container-with-most-water,Medium
15,3Sum,3sum,Medium
16,3Sum Closest,3sum-closest,Medium
21,Merge Two Sorted Lists,merge-two-sorted-lists,Easy
23,Merge k Sorted Lists,merge-k-sorted-lists,Hard
26,Remove Duplicates from Sorted Array,remove-duplicates-from-sorted-array,Easy
27,Remove Element,remove-element,Easy
53,Maximum Subarray,maximum-subarray,Easy
56,Merge Intervals,merge-intervals,Medium
57,Insert Interval,insert-interval,Hard
61,Rotate List,rotate-list,Medium
62,Unique Paths,unique-paths,Medium
70,Climbing Stairs,climbing-stairs,Easy
88,Merge Sorted Array,merge-sorted-array,Easy
91,Decode Ways,decode-ways,Medium
92,Reverse Linked List II,reverse-linked-list-ii,Medium
94,Binary Tree Inorder Traversal,binary-tree-inorder-traversal,Medium
95,Unique Binary Search Trees II,unique-binary-search-trees-ii,Medium
96,Unique Binary Search Trees,unique-binary-search-trees,Medium
98,Validate Binary Search Tree,validate-binary-search-tree,Medium
100,Same Tree,same-tree,Easy
102,Binary Tree Level Order Traversal,binary-tree-level-order-traversal,Medium
103,Binary Tree Zigzag Level Order Traversal,binary-tree-zigzag-level-order-traversal,Medium
104,Maximum Depth of Binary Tree,maximum-depth-of-binary-tree,Easy
105,Construct Binary Tree from Preorder and Inorder Traversal,construct-binary-tree-from-preorder-and-inorder-traversal,Medium
106,Construct Binary Tree from Inorder and Postorder Traversal,construct-binary-tree-from-inorder-and-postorder-traversal,Medium
107,Binary Tree Level Order Traversal II,binary-tree-level-order-traversal-ii,Easy
108,Convert Sorted Array to Binary Search Tree,convert-sorted-array-to-binary-search-tree,Easy
110,Balanced Binary Tree,balanced-binary-tree,Easy
111,Minimum Depth of Binary Tree,minimum-depth-of-binary-tree,Easy
112,Path Sum,path-sum,Easy
113,Path Sum II,path-sum-ii,Medium
121,Best Time to Buy and Sell Stock,best-time-to-buy-and-sell-stock,Easy
122,Best Time to Buy and Sell Stock II,best-time-to-buy-and-sell-stock-ii,Easy
123,Best Time to Buy and Sell Stock III,best-time-to-buy-and-sell-stock-iii,Hard
124,Binary Tree Maximum Path Sum,binary-tree-maximum-path-sum,Hard
125,Valid Palindrome,valid-palindrome,Easy
141,Linked List Cycle,linked-list-cycle,Easy
144,Binary Tree Preorder Traversal,binary-tree-preorder-traversal,Medium
146,LRU Cache,lru-cache,Medium
147,Insertion Sort List,insertion-sort-list,Medium
148,Sort List,sort-list,Medium
160,Intersection of Two Linked Lists,intersection-of-two-linked-lists,Easy
175,Combine Two Tables,combine-two-tables,Easy
176,Second Highest Salary,second-highest-salary,Easy
181,Employees Earning More Than Their Managers,employees-earning-more-than-their-managers,Easy
182,Duplicate Emails,duplicate-emails,Easy
183,Customers Who Never Order,customers-who-never-order,Easy
184,Department Highest Salary,department-highest-salary,Medium
188,Best Time to Buy and Sell Stock IV,best-time-to-buy-and-sell-stock-iv,Hard
189,Rotate Array,rotate-array,Easy
196,Delete Duplicate Emails,delete-duplicate-emails,Easy
198,House Robber,house-robber,Easy
200,Number of Islands,number-of-islands,Medium
202,Happy Number,happy-number,Easy
203,Remove Linked List Elements,remove-linked-list-elements,Easy
206,Reverse Linked List,reverse-linked-list,Easy
207,Course Schedule,course-schedule,Medium
208,Implement Trie (Prefix Tree),implement-trie-prefix-tree,Medium
210,Course Schedule II,course-schedule-ii,Medium
213,House Robber II,house-robber-ii,Medium
215,Kth Largest Element in an Array,kth-largest-element-in-an-array,Medium
225,Implement Stack using Queues,implement-stack-using-queues,Easy
226,Invert Binary Tree,invert-binary-tree,Easy
232,Implement Queue using Stacks,implement-queue-using-stacks,Easy
234,Palindrome Linked List,palindrome-linked-list,Easy
237,Delete Node in a Linked List,delete-node-in-a-linked-list,Easy
241,Different Ways to Add Parentheses,different-ways-to-add-parentheses,Medium
258,Add Digits,add-digits,Easy
268,Missing Number,missing-number,Easy
283,Move Zeroes,move-zeroes,Easy
295,Find Median from Data Stream,find-median-from-data-stream,Hard
297,Serialize and Deserialize Binary Tree,serialize-and-deserialize-binary-tree,Hard
309,Best Time to Buy and Sell Stock with Cooldown,best-time-to-buy-and-sell-stock-with-cooldown,Medium
310,Minimum Height Trees,minimum-height-trees,Medium
326,Power of Three,power-of-three,Easy
337,House Robber III,house-robber-iii,Medium
347,Top K Frequent Elements,top-k-frequent-elements,Medium
355,Design Twitter,design-twitter,Medium
429,N-ary Tree Level Order Traversal,n-ary-tree-level-order-traversal,Medium
449,Serialize and Deserialize BST ,serialize-and-deserialize-bst,Medium
451,Sort Characters By Frequency,sort-characters-by-frequency,Medium
455,Assign Cookies,assign-cookies,Easy
501,Find Mode in Binary Search Tree,find-mode-in-binary-search-tree,Easy
509,Fibonacci Number,fibonacci-number,Easy
543,Diameter of Binary Tree,diameter-of-binary-tree,Easy
547,Friend Circles,friend-circles,Medium
559,Maximum Depth of N-ary Tree,maximum-depth-of-n-ary-tree,Easy
560,Subarray Sum Equals K,subarray-sum-equals-k,Medium
572,Subtree of Another Tree,subtree-of-another-tree,Easy
589,N-ary Tree Preorder Traversal,n-ary-tree-preorder-traversal,Easy
590,N-ary Tree Postorder Traversal,n-ary-tree-postorder-traversal,Easy
594,Longest Harmonious Subsequence,longest-harmonious-subsequence,Easy
595,Big Countries,big-countries,Easy
596,Classes More Than 5 Students,classes-more-than-5-students,Easy
617,Merge Two Binary Trees,merge-two-binary-trees,Easy
620,Not Boring Movies,not-boring-movies,Easy
622,Design Circular Queue,design-circular-queue,Medium
637,Average of Levels in Binary Tree,average-of-levels-in-binary-tree,Easy
641,Design Circular Deque,design-circular-deque,Medium
643,Maximum Average Subarray I,maximum-average-subarray-i,Easy
654,Maximum Binary Tree,maximum-binary-tree,Medium
680,Valid Palindrome II,valid-palindrome-ii,Easy
684,Redundant Connection,redundant-connection,Medium
687,Longest Univalue Path,longest-univalue-path,Easy
692,Top K Frequent Words,top-k-frequent-words,Medium
695,Max Area of Island,max-area-of-island,Medium
700,Search in a Binary Search Tree,search-in-a-binary-search-tree,Easy
701,Insert into a Binary Search Tree,insert-into-a-binary-search-tree,Medium
703,Kth Largest Element in a Stream,kth-largest-element-in-a-stream,Easy
704,Binary Search,binary-search,Easy
705,Design HashSet,design-hashset,Easy
706,Design HashMap,design-hashmap,Easy
707,Design Linked List,design-linked-list,Medium
713,Subarray Product Less Than K,subarray-product-less-than-k,Medium
714,Best Time to Buy and Sell Stock with Transaction Fee,best-time-to-buy-and-sell-stock-with-transaction-fee,Medium
721,Accounts Merge,accounts-merge,Medium
724,Find Pivot Index,find-pivot-index,Easy
743,Network Delay Time,network-delay-time,Medium
763,Partition Labels,partition-labels,Medium
771,Jewels and Stones,jewels-and-stones,Easy
785,Is Graph Bipartite?,is-graph-bipartite,Medium
787,Cheapest Flights Within K Stops,cheapest-flights-within-k-stops,Medium
797,All Paths From Source to Target,all-paths-from-source-to-target,Medium
799,Champagne Tower,champagne-tower,Medium
814,Binary Tree Pruning,binary-tree-pruning,Medium
826,Most Profit Assigning Work,most-profit-assigning-work,Medium
836,Rectangle Overlap,rectangle-overlap,Easy
841,Keys and Rooms,keys-and-rooms,Medium
860,Lemonade Change,lemonade-change,Easy
876,Middle of the Linked List,middle-of-the-linked-list,Easy
881,Boats to Save People,boats-to-save-people,Medium
888,Fair Candy Swap,fair-candy-swap,Easy
897,Increasing Order Search Tree,increasing-order-search-tree,Easy
912,Sort an Array ,sort-an-array,Medium
938,Range Sum of BST,range-sum-of-bst,Easy
941,Valid Mountain Array,valid-mountain-array,Easy
965,Univalued Binary Tree,univalued-binary-tree,Easy
974,Subarray Sums Divisible by K,subarray-sums-divisible-by-k,Medium
977,Squares of a Sorted Array,squares-of-a-sorted-array,Easy
986,Interval List Intersections,interval-list-intersections,Medium
993,Cousins in Binary Tree,cousins-in-binary-tree,Easy
997,Find the Town Judge,find-the-town-judge,Easy
1018,Binary Prefix Divisible By 5,binary-prefix-divisible-by-5,Easy
1029,Two City Scheduling,two-city-scheduling,Easy
1046,Last Stone Weight,last-stone-weight,Easy
1093,Statistics from a Large Sample,statistics-from-a-large-sample,Medium
1103,Distribute Candies to People,distribute-candies-to-people,Easy
1110,Delete Nodes And Return Forest,delete-nodes-and-return-forest,Medium
1114,Print in Order,print-in-order,Easy
1137,N-th Tribonacci Number,n-th-tribonacci-number,Easy
1143,Longest Common Subsequence,longest-common-subsequence,Medium
1179,Reformat Department Table,reformat-department-table,Easy
1184,Distance Between Bus Stops,distance-between-bus-stops,Easy
1200,Minimum Absolute Difference,minimum-absolute-difference,Easy
1202,Smallest String With Swaps,smallest-string-with-swaps,Medium
1226,The Dining Philosophers,the-dining-philosophers,Medium
1239,Maximum Length of a Concatenated String with Unique Characters,maximum-length-of-a-concatenated-string-with-unique-characters,Medium
1261,Find Elements in a Contaminated Binary Tree,find-elements-in-a-contaminated-binary-tree,Medium
1267,Count Servers that Communicate,count-servers-that-communicate,Medium
33,Search in Rotated Sorted Array,search-in-rotated-sorted-array,Medium
84,Largest Rectangle in Histogram ,largest-rectangle-in-histogram,Hard
127,Word Ladder ,word-ladder,Medium
678,Valid Parenthesis String,valid-parenthesis-string,Medium
1260,Shift 2D Grid,shift-2d-grid,Easy
